UBERON:UBERON_2002175,130,0.5313510477969939,153910
UBERON:UBERON_0000955,116,0.7246194857679855,95963
UBERON:UBERON_0004529,111,0.46696827493896664,128832
UBERON:UBERON_0001851,102,0.756390480913375,69499
UBERON:UBERON_0013702,96,0.5125819077249718,92327
UBERON:UBERON_0000468,89,0.4420515429119815,91055
UBERON:UBERON_0000479,87,0.37635154276737987,99002
UBERON:UBERON_0035944,86,0.4051538709622139,91802
UBERON:UBERON_0001359,83,0.5871802868210064,59848
UBERON:UBERON_0000178,83,0.24814892709373662,117904
UBERON:UBERON_0000104,83,0.28081188312549843,110448
UBERON:UBERON_0001016,76,0.35718793161066026,81279
UBERON:UBERON_0001969,74,0.5226459306147757,53462
UBERON:UBERON_0002542,69,0.22210893170895527,94357
UBERON:UBERON_0016482,68,0.9927597731699953,14060
UBERON:UBERON_0001932,65,0.3726660228019842,58556
UBERON:UBERON_0007222,64,0.5660578855405841,34398
UBERON:UBERON_0001977,60,0.2107243730569852,78153
UBERON:UBERON_0002398,57,0.26712152101112774,61096
UBERON:UBERON_0002416,56,0.26325188831992374,59879
UBERON:UBERON_2000098,54,0.33856630319189834,44502
UBERON:UBERON_0007023,52,0.15766938620008242,73350
UBERON:UBERON_0000062,48,0.1813655052476415,59818
UBERON:UBERON_0004704,47,0.2620251548522512,43468
UBERON:UBERON_0000456,46,0.3497529538480264,30381
UBERON:UBERON_0034754,44,0.22260046637648453,44332
UBERON:UBERON_0000033,43,0.14016691137667572,58406
UBERON:UBERON_0000956,42,0.3345375214266832,26122
UBERON:UBERON_0002316,42,0.31878545949455667,27800
UBERON:UBERON_0027368,41,0.2033750472889334,41992
UBERON:UBERON_0002689,40,0.18008359230173604,44206
UBERON:UBERON_0002107,40,0.2026142203175445,40260
UBERON:UBERON_0000120,40,0.2910783346212245,27889
UBERON:UBERON_0001137,39,0.21118528586698962,37040
UBERON:UBERON_0001130,38,0.20143660841384164,36780
UBERON:UBERON_0001093,37,0.23236918583331842,30439
UBERON:UBERON_0003101,36,0.052044026673015796,66080
UBERON:UBERON_0003100,36,0.09804178680759457,53451
UBERON:UBERON_0002020,36,0.3597307203629342,15992
UBERON:UBERON_0001630,36,0.18262229933933619,36189
UBERON:UBERON_0001950,33,0.37347780210956755,11765
UBERON:UBERON_0001021,33,0.17892078548630688,31306
UBERON:UBERON_0002405,32,0.2014343818368062,26262
UBERON:UBERON_0002240,31,0.1383025356995674,34492
UBERON:UBERON_0000454,31,0.283744925549639,15830
UBERON:UBERON_0007361,31,0.3110320539094432,13678
UBERON:UBERON_0003882,29,0.24283757830423558,16854
UBERON:UBERON_0003881,29,0.33106876521685225,10171
UBERON:UBERON_0001456,29,0.17462810807601137,24904
UBERON:UBERON_0004200,28,0.2844546458366186,12099
UBERON:UBERON_0001013,28,0.20645739391607254,19212
UBERON:UBERON_0002298,27,0.18206779203279028,20569
UBERON:UBERON_0014899,26,-0.03684985955506605,76761
UBERON:UBERON_2000106,26,0.14165095267569686,24558
UBERON:UBERON_0000014,25,0.06786867704647995,37172
UBERON:UBERON_0001885,25,0.2853371949891683,8772
UBERON:UBERON_0000353,25,0.23693468634126633,12097
UBERON:UBERON_0011306,24,0.3511556420472835,4936
UBERON:UBERON_0001940,24,0.14969871789452677,19885
UBERON:UBERON_0000045,24,0.1294969138621455,22867
UBERON:UBERON_0035973,24,0.028255939716278333,46060
UBERON:UBERON_0000310,24,0.16620957184433666,17739
UBERON:UBERON_0000055,23,0.1998071961348644,12689
UBERON:UBERON_0001871,23,0.20970692368416494,11814
UBERON:UBERON_0000914,23,0.11318844466354908,23710
UBERON:UBERON_0016538,23,0.3051835865073844,5931
UBERON:UBERON_0007358,22,0.09360105953621779,25333
UBERON:UBERON_0002038,21,0.2147604659414665,8973
UBERON:UBERON_0000025,21,0.07774965159125788,26503
UBERON:UBERON_0004537,21,0.16617897461644124,13174
UBERON:UBERON_0001898,20,0.15968238329620707,12400
UBERON:UBERON_0001876,20,0.17412721619211208,10999
UBERON:UBERON_0000345,20,0.14233772198036265,14320
UBERON:UBERON_0001982,19,0.13470038133279566,13666
UBERON:UBERON_0011167,19,0.22758890804638848,6070
UBERON:UBERON_0001637,19,0.1323297455174179,13952
UBERON:UBERON_0000966,19,0.12494383181645122,14882
UBERON:UBERON_0008338,18,0.16274029756803823,9364
UBERON:UBERON_0002048,18,0.018085414538308607,35549
UBERON:UBERON_0002049,18,0.16202471311194336,9426
UBERON:UBERON_0035946,18,0.056880036357334615,24857
UBERON:UBERON_0001869,18,0.07009482340286335,22005
UBERON:UBERON_0000913,18,0.305287257986022,2515
UBERON:UBERON_0002160,18,0.19063502153284972,7240
UBERON:UBERON_0002113,18,0.05815254137590004,24567
UBERON:UBERON_0002606,17,0.2610233953855915,3101
UBERON:UBERON_0000483,17,0.07381676389798363,19293
UBERON:UBERON_0001894,17,0.06737274605132691,20546
UBERON:UBERON_0001897,17,0.08740298245851821,16896
UBERON:UBERON_0000982,17,0.06088837739754333,21889
UBERON:UBERON_0000941,17,0.10229034143406718,14610
UBERON:UBERON_0001092,17,0.12596051213248238,11595
UBERON:UBERON_0016530,17,0.20482807663638566,5368
UBERON:UBERON_0016525,17,0.12699020946748418,11479
UBERON:UBERON_2002283,16,0.11567913155543878,11243
UBERON:UBERON_0000451,16,0.0900677590579167,14665
UBERON:UBERON_0008915,16,0.13026593363497263,9664
UBERON:UBERON_0003883,16,0.1855632719296748,5445
UBERON:UBERON_2001840,15,0.07532137737936151,15208
UBERON:UBERON_0002488,15,0.16237980328095702,5803
UBERON:UBERON_0004852,15,0.09018735124470445,12901
UBERON:UBERON_0035971,15,-0.009916838425445117,39061
UBERON:UBERON_0004907,15,0.0910742209724061,12775
UBERON:UBERON_0002389,15,0.11415800624667467,9895
UBERON:UBERON_0001384,14,0.10670590976056897,9218
UBERON:UBERON_0001155,14,0.1109077051268289,8770
UBERON:UBERON_0002421,14,0.1869442573032273,3560
UBERON:UBERON_0001891,14,0.08486361254712545,11943
UBERON:UBERON_0002371,14,0.05717624752145894,16584
UBERON:UBERON_0002367,14,0.1136244019678117,8492
UBERON:UBERON_0002046,13,0.09778267513798689,8703
UBERON:UBERON_0000002,13,0.050375585505263575,15943
UBERON:UBERON_0013761,13,0.05080410652868979,15856
UBERON:UBERON_0010743,13,-0.09365078426010054,100296
UBERON:UBERON_0001088,13,0.04126904491085476,17909
UBERON:UBERON_6003624,13,0.09799893555297784,8679
UBERON:UBERON_0002756,13,0.11476888777302943,7006
UBERON:UBERON_0035564,12,0.2085995840070491,1563
UBERON:UBERON_0003062,12,0.08811143640869076,8276
UBERON:UBERON_0025595,12,0.20014169790351027,1757
UBERON:UBERON_0002106,12,0.06292236373456594,11726
UBERON:UBERON_0000160,12,0.05275961096095313,13496
UBERON:UBERON_0003129,11,0.0345004894684648,15250
UBERON:UBERON_0002264,11,0.11243921969152532,4704
UBERON:UBERON_0001638,11,0.07247367461769756,8598
UBERON:UBERON_0005396,11,0.07644378007013929,8098
UBERON:UBERON_0005409,11,0.07292995681429291,8539
UBERON:UBERON_0002336,11,0.07610912794914962,8139
UBERON:UBERON_0013694,11,0.12028110823632061,4179
UBERON:UBERON_0000119,11,0.10450922047480489,5302
UBERON:UBERON_0001690,11,0.08078920102935455,7584
UBERON:UBERON_0002191,10,0.1727103806059936,1327
UBERON:UBERON_0013196,10,0.21055567823481816,708
UBERON:UBERON_0002022,10,0.08042700790665742,6140
UBERON:UBERON_0000007,10,0.05925337341615341,8726
UBERON:UBERON_0001872,10,0.10750524209191989,3917
UBERON:UBERON_0010750,10,0.05942621155576367,8701
UBERON:UBERON_0002387,10,0.022771812506402474,15989
UBERON:UBERON_0002148,10,0.12553156484620573,2904
UBERON:UBERON_0002769,10,0.14440258377641238,2123
UBERON:UBERON_0000411,9,0.07195432249586091,5570
UBERON:UBERON_0002813,9,0.06393431306470418,6458
UBERON:UBERON_0001970,9,0.09144529542398741,3888
UBERON:UBERON_0023939,9,0.09892452924846346,3387
UBERON:UBERON_0004237,9,0.09366550887289016,3732
UBERON:UBERON_0002285,9,0.07617326141958349,5153
UBERON:UBERON_0014895,9,0.04522729927230052,9119
UBERON:UBERON_0014402,9,0.0817886344013957,4646
UBERON:UBERON_0000467,9,0.0241011922154765,13464
UBERON:UBERON_0001888,9,0.059572695689150724,6999
UBERON:UBERON_0001627,9,0.034853116656680526,11042
UBERON:UBERON_0005350,9,0.046758882915843986,8865
UBERON:UBERON_0003026,9,0.11006277714111838,2758
UBERON:UBERON_0002369,9,0.0626812157311494,6609
UBERON:UBERON_0013424,9,0.06639894533563419,6171
UBERON:UBERON_0003714,8,0.05192904180500903,6355
UBERON:UBERON_0000200,8,0.054275446033050824,6053
UBERON:UBERON_0001965,8,0.08475330943511494,3216
UBERON:UBERON_3010394,8,0.08148032888221722,3442
UBERON:UBERON_0001322,8,0.08816826296098225,2996
UBERON:UBERON_0025534,8,0.03068738367750213,9875
UBERON:UBERON_0001886,8,0.07319102020211814,4088
UBERON:UBERON_2001977,8,0.04692048536667234,7051
UBERON:UBERON_0001874,8,0.05662478883731722,5765
UBERON:UBERON_0007798,8,0.10610309858710162,2065
UBERON:UBERON_0027239,8,0.09328879248709314,2694
UBERON:UBERON_0002391,8,0.038863903088920154,8334
UBERON:UBERON_0000174,8,0.04653246321941927,7108
UBERON:UBERON_0001005,8,0.028572509844476946,10318
UBERON:UBERON_0002812,7,0.044018377332376527,5751
UBERON:UBERON_0001945,7,0.10675604664142521,1299
UBERON:UBERON_0008339,7,0.051509124033404824,4815
UBERON:UBERON_0001954,7,0.11736755777303402,1010
UBERON:UBERON_0006134,7,0.06628149928185678,3392
UBERON:UBERON_0001913,7,0.0032925266166548748,15107
UBERON:UBERON_2000092,7,0.01439154478181771,11611
UBERON:UBERON_0002034,7,0.10695127233595048,1293
UBERON:UBERON_2002210,7,0.09342477471659939,1782
UBERON:UBERON_0002436,7,0.08519573413400137,2166
UBERON:UBERON_2000006,7,0.06567669890715916,3441
UBERON:UBERON_0006093,7,0.06898974468028177,3181
UBERON:UBERON_0014930,7,0.0820637467169926,2333
UBERON:UBERON_0001836,7,0.04851754326987053,5169
UBERON:UBERON_0035015,7,0.09925214430101585,1552
UBERON:UBERON_0000922,7,0.045465410519345384,5557
UBERON:UBERON_0003251,7,0.07604383616917133,2691
UBERON:UBERON_0016540,7,0.06977921778098278,3122
UBERON:UBERON_0001049,7,0.09426124510983366,1747
UBERON:UBERON_0002372,7,0.0848467500067302,2184
UBERON:UBERON_0006967,7,0.07003663378332603,3103
UBERON:UBERON_0002129,7,0.07945309698083683,2482
UBERON:UBERON_0001464,7,0.03895966071796274,6484
UBERON:UBERON_0002771,7,0.09421299719301547,1749
UBERON:UBERON_0002766,7,0.1031491577628278,1415
UBERON:UBERON_0002619,6,0.09404066258674254,1038
UBERON:UBERON_0010230,6,0.05128365082603972,3388
UBERON:UBERON_0001987,6,0.040222184763984654,4601
UBERON:UBERON_0001988,6,0.014153939384367034,9464
UBERON:UBERON_0002261,6,0.04984060357835766,3526
UBERON:UBERON_0016634,6,0.05110274132682281,3405
UBERON:UBERON_0000061,6,0.10731257967125292,719
UBERON:UBERON_0004879,6,0.0279507233156944,6461
UBERON:UBERON_0001103,6,0.07319217384665354,1848
UBERON:UBERON_0000004,6,0.02377627072593864,7252
UBERON:UBERON_3010224,6,0.05000499080117346,3510
UBERON:UBERON_0001882,6,0.04689863791680992,3825
UBERON:UBERON_0002973,6,0.07329010015503208,1843
UBERON:UBERON_0001893,6,0.08119409329004501,1481
UBERON:UBERON_0002740,6,0.1002151388771601,875
UBERON:UBERON_0001621,6,0.02832749634961171,6394
UBERON:UBERON_0001634,6,0.07842321743825625,1599
UBERON:UBERON_0000974,6,-0.004741666071280783,15963
UBERON:UBERON_0000988,6,0.032556461101540986,5688
UBERON:UBERON_0001833,6,0.056570220792788846,2927
UBERON:UBERON_0000965,6,0.028147055022285785,6426
UBERON:UBERON_0004086,6,0.08146355598263598,1470
UBERON:UBERON_0002190,6,0.1258096857297095,431
UBERON:UBERON_0003481,6,0.05489326515158859,3066
UBERON:UBERON_0034931,6,0.09428523775694278,1031
UBERON:UBERON_6003623,6,0.07985258982242584,1537
UBERON:UBERON_0002384,6,0.0408322008936036,4524
UBERON:UBERON_0000170,6,0.005863119453717021,11904
UBERON:UBERON_0002363,6,0.021375708660662098,7750
UBERON:UBERON_0002120,6,0.07691789804367168,1667
UBERON:UBERON_0002103,6,0.03890320284606881,4772
UBERON:UBERON_0003893,6,0.019707832325783322,8116
UBERON:UBERON_0003655,6,0.048403673648328746,3669
UBERON:UBERON_0003876,6,0.056967554407901744,2895
UBERON:UBERON_0001423,6,0.0401907751784206,4605
UBERON:UBERON_0000344,6,0.031914041857542284,5790
UBERON:UBERON_0001769,5,0.03811056054321674,3292
UBERON:UBERON_0010210,5,0.03668108794061559,3452
UBERON:UBERON_0000403,5,0.013595621466263556,7429
UBERON:UBERON_0036007,5,0.046076297121794035,2527
UBERON:UBERON_0001906,5,0.0446220427869278,2652
UBERON:UBERON_0001915,5,0.05081688979870328,2159
UBERON:UBERON_0006314,5,0.0614070382299995,1519
UBERON:UBERON_0008982,5,0.05297081839694683,2010
UBERON:UBERON_0002021,5,0.039153153495708845,3180
UBERON:UBERON_0001154,5,0.017600859054340647,6504
UBERON:UBERON_1000019,5,0.05080294190221522,2160
UBERON:UBERON_0005725,5,0.07707224754261358,903
UBERON:UBERON_0002211,5,0.056244396043025266,1803
UBERON:UBERON_0000044,5,0.05563253979604593,1840
UBERON:UBERON_0000013,5,0.05427228690089975,1925
UBERON:UBERON_0008199,5,0.016110112625196356,6834
UBERON:UBERON_0010010,5,0.08461338192834612,703
UBERON:UBERON_0003978,5,0.043094105331817616,2790
UBERON:UBERON_0002883,5,0.08250387963324698,754
UBERON:UBERON_0002743,5,0.04509134346785022,2611
UBERON:UBERON_0002967,5,0.05292589596963749,2013
UBERON:UBERON_0001873,5,0.030374582554526377,4256
UBERON:UBERON_0023879,5,0.03500116642334997,3650
UBERON:UBERON_0000992,5,0.03287469392066039,3917
UBERON:UBERON_0002707,5,0.042190157186756186,2875
UBERON:UBERON_0004050,5,0.05410065975889259,1936
UBERON:UBERON_0005383,5,0.06661052821970712,1278
UBERON:UBERON_0000945,5,0.025660800993168732,4977
UBERON:UBERON_0005372,5,0.07664171105896464,916
UBERON:UBERON_0002080,5,0.07889412115504198,850
UBERON:UBERON_0002084,5,0.051195945377892196,2132
UBERON:UBERON_0008967,5,0.054571056855952066,1906
UBERON:UBERON_0001091,5,0.04006669384012855,3085
UBERON:UBERON_0002385,5,0.06164593292786929,1507
UBERON:UBERON_0035803,5,0.07179263346716946,1076
UBERON:UBERON_0034729,5,0.06820765075911134,1212
UBERON:UBERON_0002108,5,0.0315581941192843,4092
UBERON:UBERON_0002349,5,0.03506725637181334,3642
UBERON:UBERON_0002104,5,0.04677568320742701,2469
UBERON:UBERON_0001443,5,-0.013952367568255943,18541
UBERON:UBERON_0002530,5,0.04134309192708672,2957
UBERON:UBERON_0002751,5,0.06997317795292005,1143
UBERON:UBERON_0001675,5,0.059264234012371755,1631
UBERON:UBERON_0022353,5,0.05070548705709027,2167
UBERON:UBERON_0013755,4,0.01162259529814633,5762
UBERON:UBERON_0002617,4,0.061973402412126524,713
UBERON:UBERON_0001771,4,0.02042959290258316,3998
UBERON:UBERON_0001981,4,0.018170249396526,4391
UBERON:UBERON_0035574,4,0.04021390062120454,1759
UBERON:UBERON_0001997,4,0.0587811386630122,814
UBERON:UBERON_0001968,4,0.02621991486670962,3144
UBERON:UBERON_0001723,4,0.019893168400819426,4088
UBERON:UBERON_0010415,4,0.05726117213824108,867
UBERON:UBERON_0001908,4,0.03741078896890923,1976
UBERON:UBERON_0006107,4,0.05074961496955301,1136
UBERON:UBERON_0004167,4,0.02688822250671178,3058
UBERON:UBERON_0008979,4,0.043292977502840335,1548
UBERON:UBERON_0004454,4,0.021077088607509658,3892
UBERON:UBERON_0004452,4,0.027333580923473235,3002
UBERON:UBERON_0002286,4,0.037866264223491444,1939
UBERON:UBERON_0002256,4,0.03602467224268788,2093
UBERON:UBERON_0003118,4,0.08204350175996035,310
UBERON:UBERON_0000058,4,0.04117816415904644,1690
UBERON:UBERON_0005974,4,0.05187866116910735,1084
UBERON:UBERON_0002437,4,0.03141742794304728,2534
UBERON:UBERON_0001348,4,0.034681283866662575,2213
UBERON:UBERON_0034889,4,0.04393979329857955,1507
UBERON:UBERON_0000020,4,0.07242922239604356,462
UBERON:UBERON_0013531,4,0.0655362735593019,615
UBERON:UBERON_0013533,4,0.08493027765905965,275
UBERON:UBERON_0001782,4,0.03834318742238837,1901
UBERON:UBERON_0000315,4,0.01938573453572507,4175
UBERON:UBERON_0002974,4,0.09694900742411547,167
UBERON:UBERON_0001899,4,0.08053698713390411,330
UBERON:UBERON_0002726,4,0.030668451236948897,2614
UBERON:UBERON_0001875,4,0.02476990314635884,3339
UBERON:UBERON_3011120,4,0.014469106083951638,5120
UBERON:UBERON_0011639,4,0.03408973387156395,2268
UBERON:UBERON_0007113,4,0.05495696262817494,954
UBERON:UBERON_0018229,4,0.05183424385599195,1086
UBERON:UBERON_0005386,4,0.07495644241581406,416
UBERON:UBERON_0000947,4,0.031115037960047345,2566
UBERON:UBERON_0005158,4,0.0539672388882162,994
UBERON:UBERON_0008878,4,0.038495777181109324,1889
UBERON:UBERON_0007639,4,0.08976571610393076,225
UBERON:UBERON_0008933,4,0.027591816595681953,2970
UBERON:UBERON_0001277,4,0.02506761728669885,3298
UBERON:UBERON_0003210,4,0.044736306215637185,1458
UBERON:UBERON_0001008,4,0.002551010592217418,8396
UBERON:UBERON_0002576,4,0.047648938221084326,1292
UBERON:UBERON_0000391,4,0.0438918720652669,1510
UBERON:UBERON_0001019,4,0.04590453681357115,1389
UBERON:UBERON_0003674,4,0.04185779524048864,1643
UBERON:UBERON_0002342,4,0.04581795251077295,1394
UBERON:UBERON_0034751,4,0.057205650488003724,869
UBERON:UBERON_0001465,4,0.010921949813487318,5932
UBERON:UBERON_0002310,4,0.039995708882121214,1775
UBERON:UBERON_0002792,4,0.04625401916214693,1369
UBERON:UBERON_0001474,4,0.018329919849541496,4362
UBERON:UBERON_0004725,4,0.05216938674866983,1071
UBERON:UBERON_0013406,4,0.009058291301525774,6409
UBERON:UBERON_0013756,3,0.01227095178788501,3550
UBERON:UBERON_0003942,3,0.044980929961696156,581
UBERON:UBERON_0019285,3,0.05177230357546811,399
UBERON:UBERON_0003929,3,0.04354634261503599,629
UBERON:UBERON_0001759,3,0.016709079411306612,2777
UBERON:UBERON_0011305,3,0.026843780634115383,1585
UBERON:UBERON_0001736,3,0.05037808658967502,431
UBERON:UBERON_0003911,3,0.04003242937769719,764
UBERON:UBERON_0001953,3,0.07044340645417779,142
UBERON:UBERON_0023943,3,0.04351763365084675,630
UBERON:UBERON_0001905,3,0.021596313068628907,2119
UBERON:UBERON_0009623,3,0.04398254132383054,614
UBERON:UBERON_0006114,3,0.03956541917557875,784
UBERON:UBERON_0001910,3,0.04850755690796944,478
UBERON:UBERON_0007692,3,0.028590213997199958,1439
UBERON:UBERON_0008998,3,0.027695909481800365,1512
UBERON:UBERON_0006575,3,0.0369117681228519,908
UBERON:UBERON_0002196,3,0.03222237543624377,1177
UBERON:UBERON_0003053,3,0.033676609293467795,1086
UBERON:UBERON_0002067,3,0.024565036139172283,1798
UBERON:UBERON_0015599,3,0.0289197319044802,1413
UBERON:UBERON_0009911,3,0.024355181377367044,1819
UBERON:UBERON_0002043,3,0.034934169466573774,1013
UBERON:UBERON_0004672,3,0.054770776853905065,338
UBERON:UBERON_0002268,3,0.06398475124742128,203
UBERON:UBERON_0002260,3,0.04744309417725148,507
UBERON:UBERON_0001388,3,0.0322993116493158,1172
UBERON:UBERON_0001385,3,0.03495201864250038,1012
UBERON:UBERON_0025591,3,0.04138265099157177,709
UBERON:UBERON_0025593,3,0.028291285789981465,1463
UBERON:UBERON_0014454,3,0.05710777245656142,297
UBERON:UBERON_0035931,3,0.040560475389729844,742
UBERON:UBERON_0035938,3,0.040707206554281124,736
UBERON:UBERON_0014687,3,0.042190631207085,678
UBERON:UBERON_1000010,3,0.034458787155367716,1040
UBERON:UBERON_0003544,3,0.02028078648470026,2279
UBERON:UBERON_0004885,3,0.035023592158453944,1008
UBERON:UBERON_4300038,3,0.029112607685638732,1398
UBERON:UBERON_0001347,3,0.040929561515643,727
UBERON:UBERON_0000029,3,0.00830964890953051,4420
UBERON:UBERON_0022272,3,0.01273503036169871,3460
UBERON:UBERON_0002899,3,-0.0007181908334048159,7284
UBERON:UBERON_0002657,3,0.009654611848618905,4103
UBERON:UBERON_0002422,3,0.0244648013333791,1808
UBERON:UBERON_0025525,3,0.01638658175371401,2827
UBERON:UBERON_0000482,3,0.028340765051981562,1459
UBERON:UBERON_0001785,3,0.002258054360010333,6178
UBERON:UBERON_0012449,3,0.0666670404965467,175
UBERON:UBERON_0001555,3,0.02763624521778132,1517
UBERON:UBERON_0001880,3,0.04251335923238632,666
UBERON:UBERON_0003823,3,0.027270659528604087,1548
UBERON:UBERON_0006092,3,0.0375395522113298,877
UBERON:UBERON_0001877,3,0.049359085636470706,456
UBERON:UBERON_0006072,3,0.015882264713979927,2907
UBERON:UBERON_0002709,3,0.030013758918975286,1330
UBERON:UBERON_0035258,3,0.0872592263373003,56
UBERON:UBERON_0004092,3,0.019535111414404043,2375
UBERON:UBERON_0000964,3,0.006958961697558525,4763
UBERON:UBERON_0019308,3,0.04892830645295545,467
UBERON:UBERON_0000949,3,0.0334451220954091,1100
UBERON:UBERON_0000916,3,0.0032038346584617535,5863
UBERON:UBERON_0005377,3,0.06508594192805667,191
UBERON:UBERON_0002079,3,0.040756382881649095,734
UBERON:UBERON_0002078,3,0.036401550177775716,934
UBERON:UBERON_0016490,3,0.036324318055292903,938
UBERON:UBERON_0002073,3,0.03940477554755623,791
UBERON:UBERON_0009952,3,0.027027140879507222,1569
UBERON:UBERON_0004024,3,0.05328313915682883,367
UBERON:UBERON_0003027,3,0.017514199472339294,2656
UBERON:UBERON_0001089,3,0.0393591384294744,793
UBERON:UBERON_0015488,3,0.044611466549422406,593
UBERON:UBERON_0003003,3,0.03768437957380366,870
UBERON:UBERON_0012176,3,0.03226849784959741,1174
UBERON:UBERON_0012171,3,0.05424385063177032,348
UBERON:UBERON_0004535,3,0.014790662113031905,3088
UBERON:UBERON_0001027,3,0.024187065847325235,1836
UBERON:UBERON_0000180,3,0.023219275023953666,1937
UBERON:UBERON_0002362,3,0.018371130687905243,2533
UBERON:UBERON_0002361,3,0.02718912150817646,1555
UBERON:UBERON_0000167,3,0.018158346175331824,2563
UBERON:UBERON_0001017,3,0.0210337387830593,2186
UBERON:UBERON_0003672,3,0.017934103960224875,2595
UBERON:UBERON_0015875,3,0.025398102780149815,1717
UBERON:UBERON_0034752,3,0.029918891041514857,1337
UBERON:UBERON_0002313,3,0.04577579374364788,556
UBERON:UBERON_0014778,3,0.025440253910993593,1713
UBERON:UBERON_0003891,3,0.023482422729036466,1909
UBERON:UBERON_0002535,3,0.03442406612805638,1042
UBERON:UBERON_0000121,3,0.06751268196956042,167
UBERON:UBERON_0002305,3,0.05656826107433827,306
UBERON:UBERON_0000125,3,0.027767767585046867,1506
UBERON:UBERON_0002998,3,0.020225362115259205,2286
UBERON:UBERON_0000349,3,0.01522901510022876,3014
UBERON:UBERON_0012423,2,0.02356615186671241,660
UBERON:UBERON_0003709,2,0.0182859719759756,1023
UBERON:UBERON_0003708,2,0.038505506167602066,191
UBERON:UBERON_0002612,2,0.04268621278938761,135
UBERON:UBERON_0019286,2,0.03497654211419324,256
UBERON:UBERON_0035552,2,0.013342107058244896,1542
UBERON:UBERON_0003951,2,0.008704325281562042,2266
UBERON:UBERON_0000204,2,0.03497654211419324,256
UBERON:UBERON_0001532,2,0.0020458094067292813,3938
UBERON:UBERON_0035563,2,0.032787743281571136,307
UBERON:UBERON_0001966,2,0.01992341998892894,893
UBERON:UBERON_0001727,2,0.042421406684342126,138
UBERON:UBERON_0007021,2,0.02238469146699898,728
UBERON:UBERON_0001946,2,0.02435833713855314,618
UBERON:UBERON_0001702,2,0.028478687070872647,439
UBERON:UBERON_0001707,2,0.011572249138809118,1786
UBERON:UBERON_0007249,2,0.04420610779332616,119
UBERON:UBERON_0002809,2,0.016761366966984454,1161
UBERON:UBERON_0001711,2,0.01550130647010137,1289
UBERON:UBERON_0001929,2,0.028644490505483268,433
UBERON:UBERON_0010409,2,0.027733749184201257,467
UBERON:UBERON_0001930,2,0.023384972621356498,670
UBERON:UBERON_6003559,2,0.021507201734539738,783
UBERON:UBERON_0036012,2,0.041021750879980175,155
UBERON:UBERON_0036016,2,0.019512269497782134,924
UBERON:UBERON_0005281,2,0.014566451399732476,1393
UBERON:UBERON_0006337,2,0.03680244450126795,220
UBERON:UBERON_0009856,2,0.0036153493980238148,3457
UBERON:UBERON_0007640,2,0.03631937875184773,229
UBERON:UBERON_0003040,2,0.012053965782044502,1716
UBERON:UBERON_0006568,2,0.026508283921074363,517
UBERON:UBERON_0009834,2,0.00208257909784572,3926
UBERON:UBERON_0003147,2,0.007376576605253437,2530
UBERON:UBERON_0002031,2,0.015832972515237773,1254
UBERON:UBERON_0001184,2,0.028153772294637624,451
UBERON:UBERON_0002257,2,0.009181543812827654,2178
UBERON:UBERON_0005769,2,0.0036223217319979618,3455
UBERON:UBERON_0002255,2,0.04717627646752223,93
UBERON:UBERON_0002258,2,0.038760503892807406,187
UBERON:UBERON_0000073,2,0.03616256708784688,232
UBERON:UBERON_0002266,2,0.03351570785355625,289
UBERON:UBERON_0004683,2,0.04451373793796671,116
UBERON:UBERON_0002475,2,0.05077257753446195,69
UBERON:UBERON_0016636,2,0.008286306153544342,2346
UBERON:UBERON_0002005,2,0.017949181285059592,1052
UBERON:UBERON_0001393,2,0.01116109864766231,1848
UBERON:UBERON_0001361,2,0.018840286601383358,977
UBERON:UBERON_0000030,2,0.016075594342067064,1229
UBERON:UBERON_0001377,2,0.01568022000608391,1270
UBERON:UBERON_0000043,2,0.002881857520271448,3674
UBERON:UBERON_0002463,2,0.03213839667669002,324
UBERON:UBERON_0002228,2,0.013071697024030878,1577
UBERON:UBERON_0002226,2,0.0404154245680824,163
UBERON:UBERON_0003528,2,0.017389740364394474,1102
UBERON:UBERON_0002430,2,0.03889005560095514,185
UBERON:UBERON_0005942,2,0.019139946220522883,953
UBERON:UBERON_0002444,2,0.04704741756250117,94
UBERON:UBERON_0002206,2,0.05539858841262099,47
UBERON:UBERON_0002445,2,0.014635843630556174,1385
UBERON:UBERON_0000026,2,0.02352969739783847,662
UBERON:UBERON_0013554,2,0.04224804840178671,140
UBERON:UBERON_0009050,2,0.036372106156664585,228
UBERON:UBERON_0002417,2,0.015105946853702009,1332
UBERON:UBERON_0005928,2,0.020127516220752827,878
UBERON:UBERON_0000473,2,0.0020979329839189097,3921
UBERON:UBERON_0001323,2,0.02445621089182397,613
UBERON:UBERON_0022268,2,0.03206425371796257,326
UBERON:UBERON_0001579,2,0.021278576415756534,798
UBERON:UBERON_0000006,2,0.020546383182719254,848
UBERON:UBERON_0001783,2,0.009450038328363015,2130
UBERON:UBERON_0001781,2,0.02061763231271983,843
UBERON:UBERON_0002633,2,0.028451273651148124,440
UBERON:UBERON_0001780,2,0.018571995919386113,999
UBERON:UBERON_0035775,2,0.05675374483944859,42
UBERON:UBERON_2000438,2,0.03631937875184773,229
UBERON:UBERON_0001792,2,0.019896466526298142,895
UBERON:UBERON_0002887,2,0.037248724882958904,212
UBERON:UBERON_0013529,2,0.027707977639035597,468
UBERON:UBERON_0001791,2,0.024554886240860656,608
UBERON:UBERON_0001647,2,0.009376728246795472,2143
UBERON:UBERON_0003822,2,0.019883012373285193,896
UBERON:UBERON_0001887,2,0.008683076258821119,2270
UBERON:UBERON_0001884,2,0.024896559307849436,591
UBERON:UBERON_0001642,2,0.018989184802633917,965
UBERON:UBERON_0006098,2,0.05077257753446195,69
UBERON:UBERON_0006099,2,0.04361345424885904,125
UBERON:UBERON_0022337,2,0.035214186756937556,251
UBERON:UBERON_0004922,2,0.01718378333596917,1121
UBERON:UBERON_0001650,2,0.027352847300084346,482
UBERON:UBERON_0001620,2,0.02950956479531227,403
UBERON:UBERON_0006074,2,0.008561616350598756,2293
UBERON:UBERON_0014932,2,0.012725287619795302,1623
UBERON:UBERON_0001636,2,0.020560599341030685,847
UBERON:UBERON_0019143,2,0.04757133457382333,90
UBERON:UBERON_0002722,2,0.025311340124115553,571
UBERON:UBERON_0002721,2,0.01924151219835974,945
UBERON:UBERON_0006088,2,0.020660584917111348,840
UBERON:UBERON_0001846,2,0.010317695482742986,1982
UBERON:UBERON_0001609,2,0.029098123110346985,417
UBERON:UBERON_0001601,2,0.034469660018763275,267
UBERON:UBERON_0002703,2,0.012942513019366757,1594
UBERON:UBERON_0002702,2,0.009632417481944081,2098
UBERON:UBERON_2005020,2,0.01310995743335481,1572
UBERON:UBERON_0002913,2,0.02620907751098113,530
UBERON:UBERON_0000978,2,0.001527817506743648,4111
UBERON:UBERON_2005051,2,0.011180673294975588,1845
UBERON:UBERON_2005040,2,0.05186862305501287,63
UBERON:UBERON_0035017,2,0.023048062276433044,689
UBERON:UBERON_0009552,2,0.028153772294637624,451
UBERON:UBERON_0001803,2,0.03372597833489633,284
UBERON:UBERON_0001800,2,0.023824469110542163,646
UBERON:UBERON_0000959,2,0.016253357788006136,1211
UBERON:UBERON_0001814,2,0.023367003650432764,671
UBERON:UBERON_0007356,2,0.0159004155937056,1247
UBERON:UBERON_0000936,2,0.020503835076918397,851
UBERON:UBERON_0006473,2,0.01939548480855732,933
UBERON:UBERON_0005384,2,0.012927405565636712,1596
UBERON:UBERON_2005248,2,0.01432667845615061,1421
UBERON:UBERON_0004069,2,0.048990407292574936,80
UBERON:UBERON_0018687,2,0.023768647268114593,649
UBERON:UBERON_0002095,2,0.03044159060619019,373
UBERON:UBERON_0004035,2,0.032787743281571136,307
UBERON:UBERON_0000926,2,0.020804876375505515,830
UBERON:UBERON_0004288,2,0.007744045960081258,2454
UBERON:UBERON_0008881,2,0.017983588332063906,1049
UBERON:UBERON_0005373,2,0.026186366490550148,531
UBERON:UBERON_2002185,2,0.03213839667669002,324
UBERON:UBERON_6001057,2,0.02405037934361898,634
UBERON:UBERON_0005343,2,0.02512291971586911,580
UBERON:UBERON_0009719,2,0.03942265912510569,177
UBERON:UBERON_0007777,2,0.01245370552538569,1660
UBERON:UBERON_0009954,2,0.06207703101148521,27
UBERON:UBERON_0009950,2,0.022686330962918555,710
UBERON:UBERON_0013076,2,0.035262283398739214,250
UBERON:UBERON_0027225,2,0.026485002381905036,518
UBERON:UBERON_2002118,2,0.02258494304815609,716
UBERON:UBERON_0003030,2,0.029069265149793314,418
UBERON:UBERON_0001066,2,0.018778784718110064,982
UBERON:UBERON_0007844,2,0.004381542466533706,3244
UBERON:UBERON_0008946,2,0.020168753657831166,875
UBERON:UBERON_0002168,2,0.02796820790172791,458
UBERON:UBERON_0008944,2,0.03195388782159313,329
UBERON:UBERON_0002136,2,0.03719202740058044,213
UBERON:UBERON_0001044,2,0.009782660681665391,2072
UBERON:UBERON_0005403,2,0.0121668302399192,1700
UBERON:UBERON_0002370,2,0.004489732569709414,3215
UBERON:UBERON_2001463,2,0.021599880597469322,777
UBERON:UBERON_0014593,2,0.026719867378061677,508
UBERON:UBERON_0002386,2,0.007987051294189635,2405
UBERON:UBERON_0002381,2,0.042162295778065455,141
UBERON:UBERON_0001295,2,0.02235163741945981,730
UBERON:UBERON_0002141,2,0.020819401021955498,829
UBERON:UBERON_0003687,2,0.021308810290520702,796
UBERON:UBERON_0002114,2,0.0163632964359218,1200
UBERON:UBERON_0000177,2,0.011424745771150355,1808
UBERON:UBERON_0002355,2,0.007467398563855616,2511
UBERON:UBERON_0000175,2,0.010118746573214672,2015
UBERON:UBERON_0002111,2,0.02435833713855314,618
UBERON:UBERON_0003688,2,0.03663926106623473,223
UBERON:UBERON_0002110,2,0.01582336853483996,1255
UBERON:UBERON_0034728,2,0.027428070392128745,479
UBERON:UBERON_0004549,2,0.00806747340520231,2389
UBERON:UBERON_0004784,2,0.02526921353304653,573
UBERON:UBERON_0007811,2,-0.0017246042124444316,5385
UBERON:UBERON_0003690,2,0.02872825579843365,430
UBERON:UBERON_0003693,2,0.03621461119802178,231
UBERON:UBERON_0001032,2,0.015623433446420074,1276
UBERON:UBERON_0001242,2,0.01342049505610921,1532
UBERON:UBERON_0002331,2,0.00865127282784795,2276
UBERON:UBERON_0014554,2,0.031242873707893665,349
UBERON:UBERON_0001255,2,0.01577546313267563,1260
UBERON:UBERON_0002102,2,0.00450098029989095,3212
UBERON:UBERON_0002100,2,0.016504685065059404,1186
UBERON:UBERON_0001018,2,0.022908976255386473,697
UBERON:UBERON_0002317,2,0.022568127703108204,717
UBERON:UBERON_0000376,2,0.008924316209123623,2225
UBERON:UBERON_0001463,2,0.009376728246795472,2143
UBERON:UBERON_0001466,2,0.01149827172498846,1797
UBERON:UBERON_0001467,2,0.0016131095974435058,4082
UBERON:UBERON_0001225,2,0.025311340124115553,571
UBERON:UBERON_0012356,2,0.016026677536051425,1234
UBERON:UBERON_0001236,2,0.022652440102959342,712
UBERON:UBERON_0034773,2,0.036110746823998806,233
UBERON:UBERON_0022383,2,0.020574832293390095,846
UBERON:UBERON_0000112,2,0.046793762029997174,96
UBERON:UBERON_0000115,2,0.0103725293245179,1973
UBERON:UBERON_0000128,2,0.03206425371796257,326
UBERON:UBERON_0003631,2,0.03424612498387475,272
UBERON:UBERON_0000123,2,0.04380778415162872,123
UBERON:UBERON_0000363,2,0.015842584157367865,1253
UBERON:UBERON_0001455,2,0.04493652492364466,112
UBERON:UBERON_0013411,2,0.01713016423202368,1126
UBERON:UBERON_0000341,2,-0.0013957390043070688,5240
UBERON:UBERON_0001676,2,0.02781139623772706,464
UBERON:UBERON_0012424,1,0.010230718350415852,427
UBERON:UBERON_0003706,1,0.005652695053028237,913
UBERON:UBERON_0001527,1,0.03174805186511841,12
UBERON:UBERON_0002616,1,0.009563655231983824,477
UBERON:UBERON_0000439,1,0.021478485044405003,66
UBERON:UBERON_0035785,1,0.021210703342171063,69
UBERON:UBERON_0001529,1,0.015743492186114434,171
UBERON:UBERON_2000507,1,0.022361638503392203,57
UBERON:UBERON_0013757,1,0.007418800923181587,681
UBERON:UBERON_0009005,1,0.024495203646287468,40
UBERON:UBERON_0014608,1,0.013455556274309695,250
UBERON:UBERON_0011565,1,0.028376872419724294,21
UBERON:UBERON_0003716,1,0.014563525178893602,208
UBERON:UBERON_0002869,1,0.01753551911409075,127
UBERON:UBERON_0002868,1,0.011674530719484648,336
UBERON:UBERON_0002626,1,0.01119234573349949,364
UBERON:UBERON_0003718,1,0.010416971599833381,414
UBERON:UBERON_0004801,1,0.014280651786798597,218
UBERON:UBERON_0004802,1,-0.0004920573726892231,2532
UBERON:UBERON_0001776,1,0.004973292100204856,1022
UBERON:UBERON_0000203,1,0.015367931158559401,182
UBERON:UBERON_0001535,1,0.003561063705151258,1292
UBERON:UBERON_0000446,1,0.011674530719484648,336
UBERON:UBERON_0003711,1,0.020708404493140636,75
UBERON:UBERON_0001774,1,0.014739852783111152,202
UBERON:UBERON_0003710,1,0.017123062491937374,136
UBERON:UBERON_0023787,1,0.02268734465562278,54
UBERON:UBERON_0022453,1,0.020170867542972308,82
UBERON:UBERON_0009472,1,0.007159101383098885,711
UBERON:UBERON_0010467,1,0.02964981876711711,17
UBERON:UBERON_0000415,1,0.004850763881908937,1043
UBERON:UBERON_0001509,1,0.008438031437351237,575
UBERON:UBERON_0001507,1,0.011045209878035183,373
UBERON:UBERON_0019042,1,0.015958661358416115,165
UBERON:UBERON_0001980,1,0.008111773905651553,607
UBERON:UBERON_0001744,1,0.0015068746445872575,1817
UBERON:UBERON_4200230,1,0.014308348830465039,217
UBERON:UBERON_0001983,1,0.01352828266728722,247
UBERON:UBERON_0001500,1,0.014010467653272381,228
UBERON:UBERON_0012649,1,0.0016206665152681651,1783
UBERON:UBERON_0001756,1,0.001044359152243057,1962
UBERON:UBERON_0001514,1,0.01301428843250492,269
UBERON:UBERON_0001999,1,0.014198316613734356,221
UBERON:UBERON_0001757,1,0.00859726792571362,560
UBERON:UBERON_0001751,1,0.012729977038912906,282
UBERON:UBERON_0001754,1,0.007287551801585761,696
UBERON:UBERON_0002601,1,0.027326550810418408,25
UBERON:UBERON_0003931,1,0.023396881014998587,48
UBERON:UBERON_0003909,1,0.014392212315516894,214
UBERON:UBERON_0022425,1,0.011987302148269947,319
UBERON:UBERON_0003902,1,0.010118898965716697,435
UBERON:UBERON_0001964,1,0.022361638503392203,57
UBERON:UBERON_0001722,1,0.013701471903949786,240
UBERON:UBERON_0001979,1,0.012417777834909374,297
UBERON:UBERON_0001737,1,0.001986297423918701,1678
UBERON:UBERON_0035113,1,0.007699463231975742,650
UBERON:UBERON_0035114,1,0.011377200014845537,353
UBERON:UBERON_0012615,1,0.02930549097290055,18
UBERON:UBERON_0001703,1,0.022576807675693887,55
UBERON:UBERON_0001947,1,0.005806396365490786,890
UBERON:UBERON_0001705,1,0.0035750678099907736,1289
UBERON:UBERON_0001706,1,0.010132763405405127,434
UBERON:UBERON_0001941,1,0.014117091611702508,224
UBERON:UBERON_0001942,1,0.01802957424457771,117
UBERON:UBERON_0001700,1,0.0047476874746004375,1061
UBERON:UBERON_0002808,1,0.0030345679278641078,1410
UBERON:UBERON_0010419,1,0.03836619818239618,4
UBERON:UBERON_0001924,1,0.02930549097290055,18
UBERON:UBERON_0001922,1,0.016991622447391348,139
UBERON:UBERON_0001927,1,0.00905529744717932,519
UBERON:UBERON_0001928,1,0.017212309996667133,134
UBERON:UBERON_0007225,1,0.015535744137492934,177
UBERON:UBERON_0006135,1,0.011360158712433023,354
UBERON:UBERON_0007224,1,0.00909021984286803,516
UBERON:UBERON_0006136,1,0.01995440965606831,85
UBERON:UBERON_0004199,1,0.011061381958581381,372
UBERON:UBERON_0007220,1,0.017583140677386613,126
UBERON:UBERON_6000016,1,0.01606919833834501,162
UBERON:UBERON_0001933,1,0.0178770573290097,120
UBERON:UBERON_0001907,1,0.013265805267927942,258
UBERON:UBERON_0001900,1,0.002903558213241769,1441
UBERON:UBERON_0001904,1,0.01350394285079924,248
UBERON:UBERON_0006115,1,0.02246826246182233,56
UBERON:UBERON_0009624,1,0.016296549711735657,156
UBERON:UBERON_0006118,1,0.01669564239571879,146
UBERON:UBERON_0011956,1,0.02897978482066997,19
UBERON:UBERON_0006598,1,0.025839441907216442,32
UBERON:UBERON_0004177,1,0.000955969610442527,1991
UBERON:UBERON_0001917,1,0.00809195778125156,609
UBERON:UBERON_0007699,1,0.015401121856215845,181
UBERON:UBERON_0006123,1,0.02268734465562278,54
UBERON:UBERON_0006124,1,0.021387895421727046,67
UBERON:UBERON_0003099,1,0.014592557024893293,207
UBERON:UBERON_0006331,1,0.0042992264795352125,1143
UBERON:UBERON_0005486,1,0.008490643967283494,570
UBERON:UBERON_0006334,1,0.009954967860145103,447
UBERON:UBERON_0005482,1,0.010594163679389368,402
UBERON:UBERON_0003081,1,0.01387978798693949,233
UBERON:UBERON_0003079,1,0.013853988819517798,234
UBERON:UBERON_0006100,1,0.019412552808701206,93
UBERON:UBERON_0005462,1,0.004304499211937954,1142
UBERON:UBERON_0004130,1,0.012237940707501657,306
UBERON:UBERON_0005465,1,0.025474233342057197,34
UBERON:UBERON_0002198,1,0.008052520020852076,613
UBERON:UBERON_0003044,1,0.007116886099018134,716
UBERON:UBERON_2002291,1,0.015045710164878762,192
UBERON:UBERON_0006569,1,0.020170867542972308,82
UBERON:UBERON_0004140,1,0.014117091611702508,224
UBERON:UBERON_0003050,1,0.025129905547840635,36
UBERON:UBERON_0003054,1,0.021124024200893356,70
UBERON:UBERON_0005569,1,0.03836619818239618,4
UBERON:UBERON_0003148,1,-0.003260324417137657,4009
UBERON:UBERON_0002299,1,0.0034000435244906525,1327
UBERON:UBERON_0008838,1,0.009576297621483348,476
UBERON:UBERON_0002291,1,0.007552973426851004,666
UBERON:UBERON_0003143,1,0.012297291890893293,303
UBERON:UBERON_0004480,1,0.021855113700919065,62
UBERON:UBERON_0004243,1,0.03836619818239618,4
UBERON:UBERON_0003123,1,0.025654070469464912,33
UBERON:UBERON_0008810,1,0.030819433311942153,14
UBERON:UBERON_0026000,1,0.016258056952104503,157
UBERON:UBERON_0002033,1,0.027090281454073335,26
UBERON:UBERON_0003120,1,0.013383697413675516,253
UBERON:UBERON_0002030,1,0.012708652781653122,283
UBERON:UBERON_0009918,1,0.021478485044405003,66
UBERON:UBERON_0002289,1,0.006212354328773779,832
UBERON:UBERON_0004465,1,0.014253081503500933,219
UBERON:UBERON_0001193,1,0.013036724571607225,268
UBERON:UBERON_0002280,1,0.01357725933043933,245
UBERON:UBERON_0002042,1,0.011746676448681732,332
UBERON:UBERON_2002202,1,0.02024478376340492,81
UBERON:UBERON_0001167,1,0.01661368063634663,148
UBERON:UBERON_0004679,1,0.010534518673469417,406
UBERON:UBERON_0003102,1,0.006805366815600601,754
UBERON:UBERON_0002012,1,0.003881850219390534,1225
UBERON:UBERON_0001166,1,0.015236967383641293,186
UBERON:UBERON_0002019,1,0.01669564239571879,146
UBERON:UBERON_0007702,1,0.016778734697720815,144
UBERON:UBERON_0004670,1,0.006678871955120039,770
UBERON:UBERON_0004671,1,0.01217916856927657,309
UBERON:UBERON_0012291,1,0.014336173805502958,216
UBERON:UBERON_0001179,1,0.004184378875890692,1165
UBERON:UBERON_0004449,1,0.0034091296444417668,1325
UBERON:UBERON_0002023,1,0.01217916856927657,309
UBERON:UBERON_0003119,1,0.02327266844148813,49
UBERON:UBERON_0004682,1,0.006321952798419596,817
UBERON:UBERON_0006862,1,0.014739852783111152,202
UBERON:UBERON_0000083,1,0.009316224296994139,497
UBERON:UBERON_0016405,1,0.01076129939404994,391
UBERON:UBERON_0001387,1,0.021387895421727046,67
UBERON:UBERON_0001143,1,0.013726624743771959,239
UBERON:UBERON_0002479,1,0.015014416087305846,193
UBERON:UBERON_0001389,1,0.0064788197202004395,796
UBERON:UBERON_0005986,1,0.019412552808701206,93
UBERON:UBERON_0001148,1,0.00650916787700741,792
UBERON:UBERON_0000059,1,0.005772647838089159,895
UBERON:UBERON_0025592,1,0.006336717747932489,815
UBERON:UBERON_0001383,1,0.010996952506070853,376
UBERON:UBERON_0001140,1,0.017583140677386613,126
UBERON:UBERON_0006849,1,0.009769188050608479,461
UBERON:UBERON_0001398,1,0.011077597571025426,371
UBERON:UBERON_0025589,1,0.014739852783111152,202
UBERON:UBERON_0006841,1,0.011394289661443126,352
UBERON:UBERON_0004663,1,0.014117091611702508,224
UBERON:UBERON_2002218,1,0.009861361815399445,454
UBERON:UBERON_0005995,1,0.022576807675693887,55
UBERON:UBERON_0001159,1,0.014280651786798597,218
UBERON:UBERON_0001391,1,0.011411427927299942,351
UBERON:UBERON_0002483,1,0.00820176208100617,598
UBERON:UBERON_0001153,1,0.0016613471181615798,1771
UBERON:UBERON_0017716,1,0.021387895421727046,67
UBERON:UBERON_0004638,1,0.01606919833834501,162
UBERON:UBERON_0001365,1,0.016991622447391348,139
UBERON:UBERON_0001369,1,0.024059537010265624,43
UBERON:UBERON_0017717,1,0.026030699125978978,31
UBERON:UBERON_0002451,1,0.024495203646287468,40
UBERON:UBERON_0002690,1,0.02268734465562278,54
UBERON:UBERON_0010077,1,0.01802957424457771,117
UBERON:UBERON_0014430,1,0.019543516583619313,91
UBERON:UBERON_0012252,1,0.014392212315516894,214
UBERON:UBERON_0002464,1,0.016181801549261594,159
UBERON:UBERON_0002222,1,0.020789266061406544,74
UBERON:UBERON_0001132,1,0.0042676866358367475,1149
UBERON:UBERON_0002221,1,0.006789408935048933,756
UBERON:UBERON_0001378,1,0.01290334429523847,274
UBERON:UBERON_0001379,1,0.010639288207878267,399
UBERON:UBERON_0001371,1,0.01879731488655434,103
UBERON:UBERON_0015510,1,0.010792192263730179,389
UBERON:UBERON_0030276,1,0.02930549097290055,18
UBERON:UBERON_0002439,1,0.011463137226645673,348
UBERON:UBERON_0004619,1,0.023150965385358494,50
UBERON:UBERON_0001585,1,0.010964994360108844,378
UBERON:UBERON_0001586,1,0.004730678249976301,1064
UBERON:UBERON_0000016,1,0.014829990570320263,199
UBERON:UBERON_0001587,1,0.015401121856215845,181
UBERON:UBERON_0010290,1,0.024964851486466457,37
UBERON:UBERON_0002685,1,0.022914696029013425,52
UBERON:UBERON_0001597,1,0.010230718350415852,427
UBERON:UBERON_0005956,1,0.01792746847160317,119
UBERON:UBERON_0002683,1,0.013219286917964628,260
UBERON:UBERON_0001598,1,0.005541558272592496,930
UBERON:UBERON_0004864,1,0.010105066361738684,436
UBERON:UBERON_0004622,1,0.027326550810418408,25
UBERON:UBERON_0034893,1,0.01725743452515604,133
UBERON:UBERON_0022262,1,0.0186814633086755,105
UBERON:UBERON_0005921,1,0.014952311450806681,195
UBERON:UBERON_0000474,1,0.016862989167448165,142
UBERON:UBERON_0002894,1,0.009032127817134271,521
UBERON:UBERON_0002652,1,0.013173125033955176,262
UBERON:UBERON_0000475,1,0.0027061640163472704,1489
UBERON:UBERON_0002413,1,0.009730112693803618,464
UBERON:UBERON_0002412,1,0.0010290267530638356,1967
UBERON:UBERON_0001324,1,0.0157788242310084,170
UBERON:UBERON_0000470,1,0.014534632574896657,209
UBERON:UBERON_0012451,1,0.012297291890893293,303
UBERON:UBERON_6005096,1,0.02964981876711711,17
UBERON:UBERON_0000009,1,0.008794079867216927,542
UBERON:UBERON_0012450,1,0.025839441907216442,32
UBERON:UBERON_0002661,1,0.0020949731863146915,1648
UBERON:UBERON_0002424,1,0.01281603702233144,278
UBERON:UBERON_0034678,1,0.013601897795809965,244
UBERON:UBERON_0001308,1,0.024804199395610065,38
UBERON:UBERON_0002879,1,0.02867078907134738,20
UBERON:UBERON_0003961,1,0.009009046959835742,523
UBERON:UBERON_0005902,1,0.0015936979357647231,1791
UBERON:UBERON_0001788,1,0.01393172017395098,231
UBERON:UBERON_0035526,1,0.02268734465562278,54
UBERON:UBERON_0013538,1,0.01352828266728722,247
UBERON:UBERON_0014613,1,0.040099222715238234,3
UBERON:UBERON_0001558,1,-0.0022677557301602233,3400
UBERON:UBERON_0001794,1,0.016778734697720815,144
UBERON:UBERON_0002882,1,0.0063072239490637744,819
UBERON:UBERON_0001793,1,0.004629619277055597,1082
UBERON:UBERON_0001799,1,0.021855113700919065,62
UBERON:UBERON_0001557,1,-0.003792122936167124,4379
UBERON:UBERON_0002886,1,0.018239129160754913,113
UBERON:UBERON_0001797,1,0.0024062780507433865,1565
UBERON:UBERON_0001790,1,0.010244842850170395,426
UBERON:UBERON_0001648,1,0.009704202561879578,466
UBERON:UBERON_0002979,1,0.01062420911017876,400
UBERON:UBERON_0001649,1,0.013651479115909455,242
UBERON:UBERON_0001404,1,0.011045209878035183,373
UBERON:UBERON_0001409,1,0.021124024200893356,70
UBERON:UBERON_4200133,1,0.008838703007445008,538
UBERON:UBERON_0001643,1,0.008293114914132947,589
UBERON:UBERON_0008274,1,0.027828849659448835,23
UBERON:UBERON_0002981,1,0.007671723675429065,653
UBERON:UBERON_0001892,1,0.022576807675693887,55
UBERON:UBERON_0002716,1,0.01621980859259451,158
UBERON:UBERON_0002956,1,0.011258911011731928,360
UBERON:UBERON_0002718,1,0.006959113013161561,735
UBERON:UBERON_0001629,1,0.012708652781653122,283
UBERON:UBERON_0006094,1,0.004546679512785697,1097
UBERON:UBERON_0006091,1,0.01387978798693949,233
UBERON:UBERON_0001870,1,0.01390569811886353,232
UBERON:UBERON_0002935,1,0.021387895421727046,67
UBERON:UBERON_0001844,1,-0.0019419511441779703,3221
UBERON:UBERON_0000997,1,0.011142900068331841,367
UBERON:UBERON_0001607,1,0.022576807675693887,55
UBERON:UBERON_0000996,1,0.0036125720331380813,1281
UBERON:UBERON_0002945,1,0.015995282117912395,164
UBERON:UBERON_0002943,1,0.006749698202023915,761
UBERON:UBERON_0002701,1,0.02268734465562278,54
UBERON:UBERON_0002942,1,0.014534632574896657,209
UBERON:UBERON_0023861,1,0.024201286994664385,42
UBERON:UBERON_0001828,1,0.0023602630869555274,1577
UBERON:UBERON_0018268,1,0.034190612757336265,8
UBERON:UBERON_0000979,1,0.0032079351841896703,1370
UBERON:UBERON_0001827,1,-0.0011623417544555875,2830
UBERON:UBERON_0001820,1,0.01076129939404994,391
UBERON:UBERON_0000972,1,0.011497858339397178,346
UBERON:UBERON_0004096,1,0.012140303296496518,311
UBERON:UBERON_0002924,1,0.016492791702305613,151
UBERON:UBERON_0035014,1,0.03592363729017832,6
UBERON:UBERON_0001831,1,0.005806396365490786,890
UBERON:UBERON_0001830,1,0.016181801549261594,159
UBERON:UBERON_0008465,1,0.013359933689030839,254
UBERON:UBERON_0007376,1,0.0012983399403411167,1881
UBERON:UBERON_0001805,1,0.012540722844735924,291
UBERON:UBERON_0005169,1,0.003886769857381834,1224
UBERON:UBERON_0008431,1,0.027572466440058497,24
UBERON:UBERON_0002902,1,0.012397528752362962,298
UBERON:UBERON_0035038,1,0.009576297621483348,476
UBERON:UBERON_0002905,1,0.010301674369648458,422
UBERON:UBERON_0001815,1,0.02166385648215653,64
UBERON:UBERON_0000962,1,0.014592557024893293,207
UBERON:UBERON_0000961,1,0.020789266061406544,74
UBERON:UBERON_0010996,1,0.007339708806062355,690
UBERON:UBERON_0005390,1,0.01333626333879054,255
UBERON:UBERON_0005391,1,0.009101905775505542,515
UBERON:UBERON_0006238,1,0.016258056952104503,157
UBERON:UBERON_0005387,1,0.016374281066168835,154
UBERON:UBERON_0005388,1,0.034190612757336265,8
UBERON:UBERON_0005381,1,0.012082471527044593,314
UBERON:UBERON_0006472,1,0.010964994360108844,378
UBERON:UBERON_0019303,1,0.026643847886882243,28
UBERON:UBERON_2005000,1,-0.002142435684197793,3330
UBERON:UBERON_0000946,1,0.00653966969602275,788
UBERON:UBERON_0005394,1,0.010287416146695047,423
UBERON:UBERON_0000912,1,-0.0006679045453966618,2607
UBERON:UBERON_0005368,1,0.01988395158520571,86
UBERON:UBERON_0006691,1,0.013777247700376655,237
UBERON:UBERON_0002098,1,0.019348123356190676,94
UBERON:UBERON_0006692,1,0.002593935421982672,1517
UBERON:UBERON_0000923,1,0.005659296803152557,912
UBERON:UBERON_0000925,1,0.00856508211601184,563
UBERON:UBERON_0007318,1,0.012082471527044593,314
UBERON:UBERON_0004048,1,0.02205264275406961,60
UBERON:UBERON_0008404,1,0.011710495580849129,334
UBERON:UBERON_0009976,1,0.018292677036762416,112
UBERON:UBERON_0007311,1,-0.004412500764390909,4854
UBERON:UBERON_0008883,1,0.015334922328652018,183
UBERON:UBERON_0005371,1,0.009887958310635088,452
UBERON:UBERON_0035085,1,0.020871227820778705,73
UBERON:UBERON_0007769,1,0.014392212315516894,214
UBERON:UBERON_6004535,1,0.018915438208171063,101
UBERON:UBERON_0004256,1,0.026862930080682693,27
UBERON:UBERON_0004019,1,0.01093320485950135,380
UBERON:UBERON_0002075,1,0.006718117021512772,765
UBERON:UBERON_0000908,1,0.01734871045901509,131
UBERON:UBERON_0010938,1,0.006069257425110482,852
UBERON:UBERON_0006447,1,0.021124024200893356,70
UBERON:UBERON_0004262,1,0.028376872419724294,21
UBERON:UBERON_0009953,1,0.00837549700328762,581
UBERON:UBERON_6110636,1,0.02205264275406961,60
UBERON:UBERON_0004023,1,0.010549374652356126,405
UBERON:UBERON_0002085,1,0.017441390692987856,129
UBERON:UBERON_0014169,1,0.017167520969633893,135
UBERON:UBERON_0001090,1,0.003120627911282641,1390
UBERON:UBERON_2001275,1,0.007348445713156609,689
UBERON:UBERON_0005206,1,0.027326550810418408,25
UBERON:UBERON_0007622,1,0.03836619818239618,4
UBERON:UBERON_0001083,1,0.018567797740576805,107
UBERON:UBERON_0016578,1,0.02303167244983934,51
UBERON:UBERON_0014398,1,0.007409961455145745,682
UBERON:UBERON_0003038,1,0.003956070004860657,1210
UBERON:UBERON_0001094,1,0.020097847298801555,83
UBERON:UBERON_0002181,1,0.015140579785168754,189
UBERON:UBERON_0002180,1,0.018186053078332293,114
UBERON:UBERON_0004122,1,0.006048083075065637,855
UBERON:UBERON_0002185,1,0.005496385404573697,937
UBERON:UBERON_2001053,1,0.012837745501266972,277
UBERON:UBERON_0003004,1,0.012198695641108924,308
UBERON:UBERON_0001069,1,0.019543516583619313,91
UBERON:UBERON_0006517,1,0.013726624743771959,239
UBERON:UBERON_0003002,1,0.013957855123340124,230
UBERON:UBERON_0001067,1,0.013828299670201789,235
UBERON:UBERON_0005423,1,0.030015027332276355,16
UBERON:UBERON_0004339,1,0.0097953798152838,459
UBERON:UBERON_0002395,1,0.017827064540969367,121
UBERON:UBERON_0012198,1,0.014336173805502958,216
UBERON:UBERON_0014377,1,0.020708404493140636,75
UBERON:UBERON_0015228,1,0.026643847886882243,28
UBERON:UBERON_0005437,1,0.010259000545019511,425
UBERON:UBERON_0002167,1,0.008849910631860188,537
UBERON:UBERON_0008942,1,0.027090281454073335,26
UBERON:UBERON_0001072,1,0.006616606838670267,778
UBERON:UBERON_0006762,1,0.004885518380530894,1037
UBERON:UBERON_0003252,1,0.0123172062772457,302
UBERON:UBERON_0002162,1,0.007764689970843593,643
UBERON:UBERON_0016542,1,0.00834447154559897,584
UBERON:UBERON_0005408,1,0.008062355282441746,612
UBERON:UBERON_0002135,1,0.006126088944588547,844
UBERON:UBERON_0002134,1,0.01375188304654326,238
UBERON:UBERON_0001045,1,0.009267934688631272,501
UBERON:UBERON_0005401,1,0.008480084636997865,571
UBERON:UBERON_0002139,1,0.02303167244983934,51
UBERON:UBERON_0001048,1,0.014983283736953784,194
UBERON:UBERON_0004550,1,0.0032387941427778504,1363
UBERON:UBERON_0001285,1,0.004132890559152991,1175
UBERON:UBERON_0002130,1,0.012198695641108924,308
UBERON:UBERON_0001041,1,0.015995282117912395,164
UBERON:UBERON_0006508,1,0.019814308076765496,87
UBERON:UBERON_0002145,1,0.01885608702477943,102
UBERON:UBERON_0006743,1,0.024964851486466457,37
UBERON:UBERON_0002380,1,0.009652714245141877,470
UBERON:UBERON_0001296,1,0.014477259794708371,211
UBERON:UBERON_0005890,1,0.013802719604650878,236
UBERON:UBERON_0012168,1,-0.002890042295448197,3770
UBERON:UBERON_0003209,1,0.014477259794708371,211
UBERON:UBERON_0013493,1,0.026862930080682693,27
UBERON:UBERON_0004539,1,0.013676423650042173,241
UBERON:UBERON_0007806,1,0.040099222715238234,3
UBERON:UBERON_0001267,1,0.015302093384269098,184
UBERON:UBERON_0005621,1,0.01217916856927657,309
UBERON:UBERON_0003689,1,0.004448635997008656,1115
UBERON:UBERON_0002116,1,0.0023793932916174937,1572
UBERON:UBERON_0002115,1,0.005765920761582683,896
UBERON:UBERON_0000173,1,0.0014870149681867032,1823
UBERON:UBERON_0003440,1,0.022914696029013425,52
UBERON:UBERON_0000171,1,0.02024478376340492,81
UBERON:UBERON_0003697,1,0.007270266003827008,698
UBERON:UBERON_0004548,1,-0.00013932659707733077,2388
UBERON:UBERON_0002365,1,0.014680501599719517,204
UBERON:UBERON_0001276,1,0.010475458431923509,410
UBERON:UBERON_0003215,1,0.0157083661601458,172
UBERON:UBERON_3000701,1,0.013726624743771959,239
UBERON:UBERON_0001273,1,0.014144045108057455,223
UBERON:UBERON_2001675,1,0.017212309996667133,134
UBERON:UBERON_0001009,1,0.0028743655810361097,1448
UBERON:UBERON_0005609,1,0.019745460511562948,88
UBERON:UBERON_0000397,1,0.006975527454885568,733
UBERON:UBERON_0002575,1,0.032272216786742684,11
UBERON:UBERON_0002333,1,0.019284375709621177,95
UBERON:UBERON_0000395,1,0.008974590642529796,526
UBERON:UBERON_0001485,1,0.004464866172211615,1112
UBERON:UBERON_0001007,1,0.0052940882379933114,969
UBERON:UBERON_0001004,1,0.00045681827376263295,2163
UBERON:UBERON_0005843,1,0.015995282117912395,164
UBERON:UBERON_0014559,1,0.034995018737002066,7
UBERON:UBERON_0014557,1,0.026643847886882243,28
UBERON:UBERON_0034986,1,0.02529960962595327,35
UBERON:UBERON_0014792,1,0.015204666521343791,187
UBERON:UBERON_0014550,1,0.020789266061406544,74
UBERON:UBERON_0001496,1,0.008554391613852994,564
UBERON:UBERON_0034987,1,0.022799947866539366,53
UBERON:UBERON_0001015,1,-8.611656696583176e-05,2367
UBERON:UBERON_0003677,1,0.02157045776808445,65
UBERON:UBERON_0001490,1,0.012794406491423436,279
UBERON:UBERON_0001494,1,0.010132763405405127,434
UBERON:UBERON_0001492,1,0.015569875086503036,176
UBERON:UBERON_0013212,1,0.008385874432874644,580
UBERON:UBERON_0010188,1,0.015743492186114434,171
UBERON:UBERON_0014548,1,0.011309322154325403,357
UBERON:UBERON_2000364,1,0.006441098267043956,801
UBERON:UBERON_0002318,1,0.007840110003041955,635
UBERON:UBERON_0034753,1,0.011159336903592106,366
UBERON:UBERON_0013691,1,0.005957177980345215,868
UBERON:UBERON_0006915,1,0.014769749104449278,201
UBERON:UBERON_0003884,1,0.024804199395610065,38
UBERON:UBERON_0002315,1,0.009691289167040715,467
UBERON:UBERON_0002314,1,0.012357233643020812,300
UBERON:UBERON_0001224,1,0.017167520969633893,135
UBERON:UBERON_0005821,1,0.020025701569604475,84
UBERON:UBERON_0001461,1,-2.7294525899080926e-05,2344
UBERON:UBERON_0000372,1,0.021298647916997284,68
UBERON:UBERON_0013684,1,0.007041636171945669,725
UBERON:UBERON_0013201,1,0.009627134179590968,472
UBERON:UBERON_0002329,1,0.013242501190952518,259
UBERON:UBERON_0013682,1,0.01153278073508589,344
UBERON:UBERON_0001234,1,0.02327266844148813,49
UBERON:UBERON_0034768,1,0.016991622447391348,139
UBERON:UBERON_0002324,1,0.019412552808701206,93
UBERON:UBERON_0011011,1,0.01645302854549024,152
UBERON:UBERON_0011013,1,0.01739487234302454,130
UBERON:UBERON_0014525,1,0.026862930080682693,27
UBERON:UBERON_0010167,1,0.013059244584321728,267
UBERON:UBERON_0001448,1,0.012101687161792184,313
UBERON:UBERON_0004711,1,0.0032742561812280396,1355
UBERON:UBERON_0002774,1,0.04254178360745609,2
UBERON:UBERON_0002773,1,0.03592363729017832,6
UBERON:UBERON_0003625,1,0.01995440965606831,85
UBERON:UBERON_0002778,1,0.011764848698919235,331
UBERON:UBERON_0000358,1,0.007133736729265491,714
UBERON:UBERON_0003623,1,0.01961008186185175,90
UBERON:UBERON_0003622,1,0.02166385648215653,64
UBERON:UBERON_0014527,1,0.006585713968990029,782
UBERON:UBERON_0014528,1,0.01897537996029858,100
UBERON:UBERON_0002770,1,0.010504916174659604,408
UBERON:UBERON_0012337,1,0.004781850683659572,1055
UBERON:UBERON_0006908,1,0.019158869162013693,97
UBERON:UBERON_0035877,1,0.026643847886882243,28
UBERON:UBERON_0002308,1,0.007802281957952538,639
UBERON:UBERON_0001459,1,0.020319618221227555,80
UBERON:UBERON_0002301,1,0.013626637446127155,243
UBERON:UBERON_0000362,1,0.013828299670201789,235
UBERON:UBERON_0002782,1,0.019745460511562948,88
UBERON:UBERON_0001694,1,0.010216626890456982,428
UBERON:UBERON_0001699,1,0.025839441907216442,32
UBERON:UBERON_0004720,1,0.0030688445289344603,1402
UBERON:UBERON_0001213,1,0.008501221838983887,569
UBERON:UBERON_0000124,1,0.01621980859259451,158
UBERON:UBERON_0014759,1,0.034190612757336265,8
UBERON:UBERON_0002781,1,0.03836619818239618,4
UBERON:UBERON_0002517,1,0.004629619277055597,1082
UBERON:UBERON_0001429,1,0.03126586687913325,13
UBERON:UBERON_0002516,1,0.009704202561879578,466
UBERON:UBERON_0001426,1,0.02964981876711711,17
UBERON:UBERON_0002515,1,0.006877705066374074,745
UBERON:UBERON_0001663,1,0.009551039318712047,478
UBERON:UBERON_0001667,1,0.019158869162013693,97
UBERON:UBERON_0014734,1,0.016991622447391348,139
UBERON:UBERON_0010135,1,0.015236967383641293,186
UBERON:UBERON_0001439,1,0.009009046959835742,523
UBERON:UBERON_0000106,1,0.008872388629528008,535
UBERON:UBERON_0000107,1,0.021124024200893356,70
UBERON:UBERON_0035652,1,0.012063316991397727,315
UBERON:UBERON_0001673,1,0.011159336903592106,366
UBERON:UBERON_0000101,1,0.0118936129132851,324
UBERON:UBERON_0002523,1,0.004257209943829959,1151
UBERON:UBERON_0022352,1,0.011012995382091838,375
